id,company_id,branch_id,settlement_no,settlement_date,sales_rep_id,issue_order_id,total_sales_value,total_collections_value,total_expenses,total_from_balance,expected_cash,actual_cash,cash_difference,shortage,shortage_status,notes,status,created_by,approved_by,created_at,updated_at,deleted_at,salesman_debt_id,settlement_uuid,customer_type,counter,new_counter_number,return_notes
207,2,1,RDS-00001,2026-08-31 00:00:00,4,238,808437,808437,0,0,808437,808437,0,0,paid_next_day,,approved,4,,2026-08-31 11:08:54,2026-08-31 11:15:52,,,1788174532721,,,,
208,2,1,RDS-00002,2026-08-31 00:00:00,6,239,628145,628145,0,0,628145,628145,0,0,paid_next_day,,approved,6,,2026-08-31 11:34:46,2026-08-31 11:53:27,,,1788176082038,,,,
209,2,1,RDS-00003,2026-08-31 00:00:00,5,240,1772232,1772232,0,0,1772232,1772232,0,0,paid_next_day,,approved,5,,2026-08-31 11:43:42,2026-08-31 11:53:23,,,1788176619936,,,,
210,2,1,RDS-00004,2026-09-01 00:00:00,6,244,479500,479500,0,0,479500,479500,0,0,paid_next_day,,approved,6,,2026-09-01 11:52:34,2026-09-01 12:46:31,,,1788263552889,,,,
211,2,1,RDS-00005,2026-09-01 00:00:00,4,242,727401.5,727401.5,0,0,727401.5,727401,-0.5,0.5,pending,,approved,4,,2026-09-01 13:56:02,2026-09-02 12:11:08,,28,1788270960619,,,,
212,2,1,RDS-00006,2026-09-02 00:00:00,4,246,1456721,1456721,0,0,1456721,1456721,0,0,paid_next_day,,approved,4,,2026-09-02 11:46:07,2026-09-02 12:11:16,,,1788349565858,,,,
213,2,1,RDS-00007,2026-09-02 00:00:00,6,247,551425,551425,0,0,551425,551425,0,0,paid_next_day,,approved,6,,2026-09-02 12:07:48,2026-09-02 12:11:13,,,1788350866507,,,,
214,2,1,RDS-00008,2026-09-02 00:00:00,5,245,768159,768159,0,0,768159,768159,0,0,paid_next_day,,approved,5,,2026-09-02 12:14:50,2026-09-02 12:15:53,,,1788351288801,,,,
215,2,1,RDS-00009,2026-09-03 00:00:00,4,246,873649,873649,0,0,873649,873649,0,0,paid_next_day,,approved,4,,2026-09-03 09:58:50,2026-09-03 10:51:49,,,1788429528030,,,,
216,2,1,RDS-00010,2026-09-03 00:00:00,6,247,1092780.5,1092780.5,0,0,1092780.5,1092780.5,0,0,paid_next_day,,approved,6,,2026-09-03 10:50:51,2026-09-03 10:51:48,,,1788432649702,,,,
217,2,1,RDS-00011,2026-09-06 00:00:00,5,252,768159,768159,0,0,768159,768159,0,0,paid_next_day,,approved,5,,2026-09-06 11:50:05,2026-09-06 12:00:23,,,1788695400815,,,,
218,2,1,RDS-00012,2026-09-06 00:00:00,4,253,1567965,1567965,0,0,1567965,1567965,0,0,paid_next_day,,approved,4,,2026-09-06 11:50:13,2026-09-06 12:00:20,,,1788695410800,,,,
219,2,1,RDS-00013,2026-09-06 00:00:00,6,254,2530819,2914419,0,0,2914419,2914419,0,0,paid_next_day,,approved,6,,2026-09-06 12:17:52,2026-09-06 12:19:21,,,1788697068997,,,,
220,2,1,RDS-00014,2026-09-07 00:00:00,4,255,840563.5,840563.5,0,0,840563.5,840563.5,0,0,paid_next_day,,approved,4,,2026-09-07 10:39:58,2026-09-07 10:47:52,,,1788777596182,,,,
221,2,1,RDS-00015,2026-09-07 00:00:00,6,257,1944511,1944511,0,0,1944511,19944511,18000000,0,paid_next_day,,approved,6,,2026-09-07 11:28:08,2026-09-07 11:51:21,,,1788780486196,,,,
222,2,1,RDS-00016,2026-09-07 00:00:00,5,259,2111718,2111718,0,0,2111718,2111718,0,0,paid_next_day,,approved,5,,2026-09-07 12:19:08,2026-09-07 12:19:50,,,1788783544165,,,,
223,2,1,RDS-00017,2026-09-08 00:00:00,4,261,790216,790216,0,0,790216,790216,0,0,paid_next_day,,approved,4,,2026-09-08 11:35:29,2026-09-08 11:37:04,,,1788867327315,,,,
224,2,1,RDS-00018,2026-09-08 00:00:00,6,262,1211376,1211376,0,0,1211376,1211376,0,0,paid_next_day,,approved,6,,2026-09-08 12:35:58,2026-09-08 12:36:23,,,1788870956600,,,,
225,2,1,RDS-00019,2026-09-08 00:00:00,5,260,1627902.5,1627902.5,0,0,1627902.5,1642287.5,14385,0,paid_next_day,,approved,5,,2026-09-08 12:47:57,2026-09-08 12:52:03,,,1788871675648,,,,
226,2,1,RDS-00020,2026-09-09 00:00:00,4,264,1304719.5,1304719.5,0,0,1304719.5,1304719.5,0,0,paid_next_day,,approved,4,,2026-09-09 11:17:44,2026-09-09 11:23:56,,,1788952661301,,,,
227,2,1,RDS-00021,2026-09-09 00:00:00,5,263,810834.5,810834.5,650,0,810184.5,810184.5,0,0,paid_next_day,,approved,5,,2026-09-09 11:25:04,2026-09-09 11:25:54,,,1788953102316,,,,
228,2,1,RDS-00022,2026-09-09 00:00:00,6,265,527450,527450,0,0,527450,527450,0,0,paid_next_day,,approved,6,,2026-09-09 11:31:28,2026-09-09 11:32:59,,,1788953486415,,,,
229,2,1,RDS-00023,2026-09-10 00:00:00,4,266,732196.5,732196.5,0,0,732196.5,732196.5,0,0,paid_next_day,,approved,4,,2026-09-10 09:41:59,2026-09-10 09:50:57,,,1789033316982,,,,
230,2,1,RDS-00024,2026-09-10 00:00:00,5,267,1035720,1035720,0,0,1035720,1035720,0,0,paid_next_day,,approved,5,,2026-09-10 10:11:33,2026-09-10 11:07:30,,,1789035091564,,,,
231,2,1,RDS-00025,2026-09-13 00:00:00,5,268,4317732.5,4317732.5,0,0,4317732.5,4317732.5,0,0,paid_next_day,,approved,5,,2026-09-13 11:06:47,2026-09-13 11:12:14,,,1789297605919,,,,
232,2,1,RDS-00026,2026-09-13 00:00:00,4,269,1482134.5,1482134.5,0,0,1482134.5,1482134.5,0,0,paid_next_day,,approved,4,,2026-09-13 11:07:36,2026-09-13 11:12:19,,,1789297654257,,,,
233,2,1,RDS-00027,2026-09-14 00:00:00,4,271,852071.5,852071.5,0,0,852071.5,852071.5,0,0,paid_next_day,,approved,4,,2026-09-14 11:00:27,2026-09-14 15:36:08,,,1789383609193,,,,
234,2,1,RDS-00028,2026-09-14 00:00:00,5,268,0,0,0,0,0,2632455,2632455,0,paid_next_day,,submitted,5,,2026-09-14 15:03:10,2026-09-14 15:07:20,2026-09-14 15:07:20,,1789398189556,,,,
235,2,1,RDS-00028,2026-09-14 00:00:00,5,268,0,0,0,0,0,2632455,2632455,0,paid_next_day,,submitted,5,,2026-09-14 15:07:20,2026-09-14 15:09:02,2026-09-14 15:09:02,,1789398440184,,,,
236,2,1,RDS-00029,2026-09-14 00:00:00,5,270,2632455,2632455,0,0,2632455,2632455,0,0,paid_next_day,,approved,5,,2026-09-14 15:09:02,2026-09-14 15:36:03,,,1789387954466,,,,
237,2,1,RDS-00030,2026-09-14 00:00:00,5,268,0,0,0,0,0,2632455,2632455,0,paid_next_day,,cancelled,5,,2026-09-14 15:09:02,2026-09-14 15:10:09,,,1789398031068,,,,
238,2,1,RDS-00031,2026-09-15 00:00:00,4,272,628624.5,628624.5,0,0,628624.5,628624.5,0,0,paid_next_day,,approved,4,,2026-09-15 12:07:40,2026-09-15 12:09:07,,,1789474058033,,,,
239,2,1,RDS-00032,2026-09-15 00:00:00,5,273,2180266,2180266,0,0,2180266,2180266,0,0,paid_next_day,,approved,5,,2026-09-15 12:19:10,2026-09-15 12:19:49,,,1789474748057,,,,
240,2,1,RDS-00033,2026-09-16 00:00:00,5,274,1446431,1446431,0,0,1446431,1446431,0,0,paid_next_day,,approved,5,,2026-09-16 11:59:12,2026-09-16 12:01:21,,,1789559950545,,,,
241,2,1,RDS-00034,2026-09-16 00:00:00,4,275,1099493.5,1099493.5,0,0,1099493.5,1102370.5,2877,0,paid_next_day,,approved,4,,2026-09-16 12:00:29,2026-09-16 12:01:49,,,1789560028266,,,,
242,2,1,RDS-00035,2026-09-17 00:00:00,4,277,639173.5,639173.5,0,0,639173.5,639173.5,0,0,paid_next_day,,approved,4,,2026-09-17 09:38:36,2026-09-17 11:39:01,,,1789637913935,,,,
243,2,1,RDS-00036,2026-09-17 00:00:00,5,276,1479257.5,1479257.5,0,0,1479257.5,1479257.5,0,0,paid_next_day,,approved,5,,2026-09-17 10:53:06,2026-09-17 11:39:04,,,1789642383646,,,,
